{"cameraMode":{"drawMode":0,"name":"Shaded","section":"Shading Mode"},"sceneLighting":true,"audioPlay":false,"sceneViewState":{"m_AlwaysRefresh":false,"showFog":true,"showSkybox":true,"showFlares":true,"showImageEffects":false,"showParticleSystems":true,"showVisualEffectGraphs":true,"m_FxEnabled":true},"in2DMode":false,"pivot":{"x":6.1798248291015629,"y":1.8826675415039063,"z":-0.7495636940002441},"rotation":{"x":-0.2652868628501892,"y":-0.0026065821293741466,"z":0.0007167230360209942,"w":-0.9641723036766052},"size":6.183936595916748,"orthographic":false}